train_window,year,window_start_date,window_end_date,window_days,combined_regime,days,strategy,strategy_sats,dca_sats,extra_sats_vs_dca,strategy_spd,dca_spd,extra_spd_vs_dca,spd_ratio,improvement_pct,status,candidate_weight_col,candidate_weight_col_used_for_eval,uses_shifted_candidate_weight
1,2018,2018-01-01,2018-12-31,365,BTC Bear | Low MVRV | Realized Growth Leading,43,stacksats_mvrv_weight,11387.536800334497,3128389.4947744207,-3117001.957974086,11.387536800334498,3128.3894947744207,-3117.001957974086,0.003640063623585215,-99.63599363764148,worse,stacksats_mvrv_weight,stacksats_mvrv_weight_shifted,True
1,2018,2018-01-01,2018-12-31,365,BTC Bear | Low MVRV | Realized Growth Leading,43,stacksats_momentum_weight,3657954.50384704,3128389.4947744207,529565.009072619,3657.9545038470396,3128.3894947744207,529.565009072619,1.1692771983658654,16.92771983658654,better,stacksats_momentum_weight,stacksats_momentum_weight_shifted,True
1,2018,2018-01-01,2018-12-31,365,BTC Bear | Low MVRV | Realized Growth Leading,43,sma_340d_weight,5467550.737383125,3128389.4947744207,2339161.2426087046,5467.550737383125,3128.3894947744207,2339.1612426087045,1.7477205912230487,74.77205912230487,better,sma_340d_weight,sma_340d_weight_shifted,True
1,2018,2018-01-01,2018-12-31,365,BTC Bear | Normal MVRV | Realized Growth Leading,41,stacksats_mvrv_weight,6527.813948637172,1793324.1348697962,-1786796.3209211591,6.527813948637172,1793.3241348697961,-1786.796320921159,0.003640063623585327,-99.63599363764146,worse,stacksats_mvrv_weight,stacksats_mvrv_weight_shifted,True
1,2018,2018-01-01,2018-12-31,365,BTC Bear | Normal MVRV | Realized Growth Leading,41,stacksats_momentum_weight,1722464.6022253379,1793324.1348697962,-70859.53264445835,1722.4646022253378,1793.3241348697961,-70.85953264445834,0.9604870467827596,-3.9512953217240354,worse,stacksats_momentum_weight,stacksats_momentum_weight_shifted,True
1,2018,2018-01-01,2018-12-31,365,BTC Bear | Normal MVRV | Realized Growth Leading,41,sma_340d_weight,2539979.0770649216,1793324.1348697962,746654.9421951254,2539.9790770649215,1793.3241348697961,746.6549421951254,1.4163524750919254,41.63524750919254,better,sma_340d_weight,sma_340d_weight_shifted,True
1,2018,2018-01-01,2018-12-31,365,BTC Bull | Normal MVRV | Realized Growth Leading,102,stacksats_mvrv_weight,3251887.411558796,3108447.794536258,143439.6170225381,3251.887411558796,3108.4477945362582,143.43961702253773,1.046145094434162,4.614509443416193,better,stacksats_mvrv_weight,stacksats_mvrv_weight_shifted,True
1,2018,2018-01-01,2018-12-31,365,BTC Bull | Normal MVRV | Realized Growth Leading,102,stacksats_momentum_weight,2979347.903810914,3108447.794536258,-129099.89072534395,2979.347903810914,3108.4477945362582,-129.09989072534427,0.9584680524626265,-4.153194753737354,worse,stacksats_momentum_weight,stacksats_momentum_weight_shifted,True
1,2018,2018-01-01,2018-12-31,365,BTC Bull | Normal MVRV | Realized Growth Leading,102,sma_340d_weight,1344297.273351766,3108447.794536258,-1764150.5211844922,1344.2972733517659,3108.4477945362582,-1764.1505211844924,0.4324657714099774,-56.75342285900227,worse,sma_340d_weight,sma_340d_weight_shifted,True
1,2018,2018-01-01,2018-12-31,365,BTC Neutral | Normal MVRV | Realized Growth Leading,102,stacksats_mvrv_weight,7162986.788296443,4196395.063873075,2966591.7244233685,7162.986788296444,4196.395063873075,2966.5917244233688,1.7069381407777524,70.69381407777524,better,stacksats_mvrv_weight,stacksats_mvrv_weight_shifted,True
1,2018,2018-01-01,2018-12-31,365,BTC Neutral | Normal MVRV | Realized Growth Leading,102,stacksats_momentum_weight,4416361.994552239,4196395.063873075,219966.9306791639,4416.361994552239,4196.395063873075,219.96693067916385,1.0524180701128136,5.241807011281363,better,stacksats_momentum_weight,stacksats_momentum_weight_shifted,True
1,2018,2018-01-01,2018-12-31,365,BTC Neutral | Normal MVRV | Realized Growth Leading,102,sma_340d_weight,5250446.900456275,4196395.063873075,1054051.8365832,5250.446900456275,4196.395063873075,1054.0518365832004,1.2511803156136496,25.118031561364962,better,sma_340d_weight,sma_340d_weight_shifted,True
1,2018,2018-01-01,2018-12-31,365,BTC Recovery | Normal MVRV | Realized Growth Leading,50,stacksats_mvrv_weight,2428103.7609702433,1941724.6204345473,486379.14053569594,2428.1037609702435,1941.7246204345472,486.37914053569625,1.250488218265908,25.048821826590807,better,stacksats_mvrv_weight,stacksats_mvrv_weight_shifted,True
1,2018,2018-01-01,2018-12-31,365,BTC Recovery | Normal MVRV | Realized Growth Leading,50,stacksats_momentum_weight,1746775.8228076512,1941724.6204345473,-194948.79762689606,1746.7758228076511,1941.7246204345472,-194.94879762689607,0.8996001824484938,-10.039981755150617,worse,stacksats_momentum_weight,stacksats_momentum_weight_shifted,True
1,2018,2018-01-01,2018-12-31,365,BTC Recovery | Normal MVRV | Realized Growth Leading,50,sma_340d_weight,2444999.1803283836,1941724.6204345473,503274.55989383627,2444.9991803283838,1941.7246204345472,503.27455989383657,1.2591894620881958,25.918946208819584,better,sma_340d_weight,sma_340d_weight_shifted,True
2,2019,2019-01-01,2019-12-31,365,BTC Bear | Low MVRV | Realized Growth Leading,91,stacksats_mvrv_weight,6641512.965542686,6659642.476346005,-18129.510803318582,6641.512965542686,6659.6424763460045,-18.129510803318226,0.9972777050918707,-0.27222949081292525,worse,stacksats_mvrv_weight,stacksats_mvrv_weight_shifted,True
2,2019,2019-01-01,2019-12-31,365,BTC Bear | Low MVRV | Realized Growth Leading,91,stacksats_momentum_weight,6498061.374538669,6659642.476346005,-161581.1018073354,6498.061374538669,6659.6424763460045,-161.58110180733547,0.9757372708247859,-2.4262729175214104,worse,stacksats_momentum_weight,stacksats_momentum_weight_shifted,True
2,2019,2019-01-01,2019-12-31,365,BTC Bear | Low MVRV | Realized Growth Leading,91,sma_340d_weight,13891288.743875679,6659642.476346005,7231646.267529674,13891.288743875679,6659.6424763460045,7231.646267529674,2.085891065956669,108.58910659566692,better,sma_340d_weight,sma_340d_weight_shifted,True
2,2019,2019-01-01,2019-12-31,365,BTC Bull | Normal MVRV | Market Growth Leading,193,stacksats_mvrv_weight,3833506.481450747,5680988.416285131,-1847481.9348343844,3833.506481450747,5680.988416285131,-1847.4819348343844,0.6747956870430523,-32.52043129569478,worse,stacksats_mvrv_weight,stacksats_mvrv_weight_shifted,True
2,2019,2019-01-01,2019-12-31,365,BTC Bull | Normal MVRV | Market Growth Leading,193,stacksats_momentum_weight,6002716.516867485,5680988.416285131,321728.10058235377,6002.716516867485,5680.988416285131,321.72810058235336,1.0566324162288532,5.663241622885318,better,stacksats_momentum_weight,stacksats_momentum_weight_shifted,True
2,2019,2019-01-01,2019-12-31,365,BTC Bull | Normal MVRV | Market Growth Leading,193,sma_340d_weight,2207568.9860562575,5680988.416285131,-3473419.4302288736,2207.5689860562575,5680.988416285131,-3473.419430228874,0.38858889057545626,-61.14111094245438,worse,sma_340d_weight,sma_340d_weight_shifted,True
2,2019,2019-01-01,2019-12-31,365,BTC Neutral | Normal MVRV | Market Growth Leading,37,stacksats_mvrv_weight,4676875.292269647,1398707.257089948,3278168.035179699,4676.875292269647,1398.7072570899481,3278.1680351796986,3.343712752302454,234.3712752302454,better,stacksats_mvrv_weight,stacksats_mvrv_weight_shifted,True
2,2019,2019-01-01,2019-12-31,365,BTC Neutral | Normal MVRV | Market Growth Leading,37,stacksats_momentum_weight,1373535.1668009432,1398707.257089948,-25172.090289004846,1373.5351668009432,1398.7072570899481,-25.172090289004927,0.9820033175910046,-1.7996682408995435,worse,stacksats_momentum_weight,stacksats_momentum_weight_shifted,True
2,2019,2019-01-01,2019-12-31,365,BTC Neutral | Normal MVRV | Market Growth Leading,37,sma_340d_weight,1858302.3377240524,1398707.257089948,459595.0806341043,1858.3023377240524,1398.7072570899481,459.5950806341043,1.328585612396339,32.85856123963391,better,sma_340d_weight,sma_340d_weight_shifted,True
3,2020,2020-01-01,2020-12-31,366,BTC Bull | High MVRV | Market Growth Leading,32,stacksats_mvrv_weight,1523272.3551419268,411398.09374058165,1111874.261401345,1523.2723551419267,411.39809374058166,1111.874261401345,3.7026723709188305,270.26723709188303,better,stacksats_mvrv_weight,stacksats_mvrv_weight_shifted,True
3,2020,2020-01-01,2020-12-31,366,BTC Bull | High MVRV | Market Growth Leading,32,stacksats_momentum_weight,320958.68337532977,411398.09374058165,-90439.41036525188,320.95868337532977,411.39809374058166,-90.43941036525189,0.7801657038734824,-21.98342961265176,worse,stacksats_momentum_weight,stacksats_momentum_weight_shifted,True
3,2020,2020-01-01,2020-12-31,366,BTC Bull | High MVRV | Market Growth Leading,32,sma_340d_weight,0.005731454946663323,411398.09374058165,-411398.0880091267,5.7314549466633224e-06,411.39809374058166,-411.3980880091267,1.3931651686936227e-08,-99.99999860683482,worse,sma_340d_weight,sma_340d_weight_shifted,True
3,2020,2020-01-01,2020-12-31,366,BTC Bull | Normal MVRV | Market Growth Leading,142,stacksats_mvrv_weight,1695606.0155276433,3441152.073850481,-1745546.0583228376,1695.6060155276432,3441.152073850481,-1745.5460583228378,0.49274370302104753,-50.72562969789524,worse,stacksats_mvrv_weight,stacksats_mvrv_weight_shifted,True
3,2020,2020-01-01,2020-12-31,366,BTC Bull | Normal MVRV | Market Growth Leading,142,stacksats_momentum_weight,3317546.232088428,3441152.073850481,-123605.84176205285,3317.546232088428,3441.152073850481,-123.60584176205293,0.9640800990164483,-3.591990098355169,worse,stacksats_momentum_weight,stacksats_momentum_weight_shifted,True
3,2020,2020-01-01,2020-12-31,366,BTC Bull | Normal MVRV | Market Growth Leading,142,sma_340d_weight,2843964.5588680524,3441152.073850481,-597187.5149824284,2843.9645588680523,3441.152073850481,-597.1875149824286,0.8264570986209845,-17.35429013790155,worse,sma_340d_weight,sma_340d_weight_shifted,True
3,2020,2020-01-01,2020-12-31,366,BTC Bull | Normal MVRV | Realized Growth Leading,40,stacksats_mvrv_weight,267370.89706308406,1023273.801840371,-755902.9047772869,267.37089706308404,1023.273801840371,-755.902904777287,0.26128969253606815,-73.87103074639319,worse,stacksats_mvrv_weight,stacksats_mvrv_weight_shifted,True
3,2020,2020-01-01,2020-12-31,366,BTC Bull | Normal MVRV | Realized Growth Leading,40,stacksats_momentum_weight,1029002.5480350284,1023273.801840371,5728.746194657404,1029.0025480350284,1023.273801840371,5.728746194657447,1.005598449001972,0.5598449001972039,better,stacksats_momentum_weight,stacksats_momentum_weight_shifted,True
3,2020,2020-01-01,2020-12-31,366,BTC Bull | Normal MVRV | Realized Growth Leading,40,sma_340d_weight,927027.8837716806,1023273.801840371,-96245.91806869034,927.0278837716806,1023.273801840371,-96.24591806869034,0.9059431425923434,-9.405685740765657,worse,sma_340d_weight,sma_340d_weight_shifted,True
3,2020,2020-01-01,2020-12-31,366,BTC Neutral | Normal MVRV | Market Growth Leading,50,stacksats_mvrv_weight,1895226.7106026886,1763941.803131885,131284.9074708037,1895.2267106026886,1763.9418031318849,131.28490747080377,1.0744270061731669,7.442700617316689,better,stacksats_mvrv_weight,stacksats_mvrv_weight_shifted,True
3,2020,2020-01-01,2020-12-31,366,BTC Neutral | Normal MVRV | Market Growth Leading,50,stacksats_momentum_weight,2128662.915876707,1763941.803131885,364721.11274482217,2128.662915876707,1763.9418031318849,364.721112744822,1.206764821887694,20.676482188769405,better,stacksats_momentum_weight,stacksats_momentum_weight_shifted,True
3,2020,2020-01-01,2020-12-31,366,BTC Neutral | Normal MVRV | Market Growth Leading,50,sma_340d_weight,2786653.4526732056,1763941.803131885,1022711.6495413207,2786.6534526732057,1763.9418031318849,1022.7116495413209,1.5797876368287733,57.97876368287733,better,sma_340d_weight,sma_340d_weight_shifted,True
3,2020,2020-01-01,2020-12-31,366,BTC Neutral | Normal MVRV | Realized Growth Leading,61,stacksats_mvrv_weight,1204617.5148300752,1792222.8798786514,-587605.3650485761,1204.6175148300752,1792.2228798786514,-587.6053650485762,0.6721359984599895,-32.78640015400105,worse,stacksats_mvrv_weight,stacksats_mvrv_weight_shifted,True
3,2020,2020-01-01,2020-12-31,366,BTC Neutral | Normal MVRV | Realized Growth Leading,61,stacksats_momentum_weight,1885792.82355673,1792222.8798786514,93569.94367807871,1885.7928235567301,1792.2228798786514,93.56994367807874,1.0522088768805442,5.220887688054421,better,stacksats_momentum_weight,stacksats_momentum_weight_shifted,True
3,2020,2020-01-01,2020-12-31,366,BTC Neutral | Normal MVRV | Realized Growth Leading,61,sma_340d_weight,2223331.61624558,1792222.8798786514,431108.73636692856,2223.33161624558,1792.2228798786514,431.1087363669285,1.2405441539704694,24.054415397046935,better,sma_340d_weight,sma_340d_weight_shifted,True
4,2021,2021-01-01,2021-12-31,365,BTC Bull | High MVRV | Market Growth Leading,171,stacksats_mvrv_weight,742527.177712579,946687.6343300205,-204160.4566174415,742.527177712579,946.6876343300205,-204.16045661744147,0.7843423224156427,-21.565767758435726,worse,stacksats_mvrv_weight,stacksats_mvrv_weight_shifted,True
4,2021,2021-01-01,2021-12-31,365,BTC Bull | High MVRV | Market Growth Leading,171,stacksats_momentum_weight,890065.5979504171,946687.6343300205,-56622.036379603436,890.0655979504171,946.6876343300205,-56.6220363796034,0.9401893144831501,-5.981068551684987,worse,stacksats_momentum_weight,stacksats_momentum_weight_shifted,True
4,2021,2021-01-01,2021-12-31,365,BTC Bull | High MVRV | Market Growth Leading,171,sma_340d_weight,165582.09875432798,946687.6343300205,-781105.5355756925,165.58209875432797,946.6876343300205,-781.1055355756926,0.17490679369812615,-82.50932063018739,worse,sma_340d_weight,sma_340d_weight_shifted,True
4,2021,2021-01-01,2021-12-31,365,BTC Bull | Normal MVRV | Market Growth Leading,130,stacksats_mvrv_weight,1809806.6792375324,859223.5290549418,950583.1501825906,1809.8066792375325,859.2235290549419,950.5831501825907,2.106328118397939,110.6328118397939,better,stacksats_mvrv_weight,stacksats_mvrv_weight_shifted,True
4,2021,2021-01-01,2021-12-31,365,BTC Bull | Normal MVRV | Market Growth Leading,130,stacksats_momentum_weight,931090.0180631585,859223.5290549418,71866.48900821665,931.0900180631585,859.2235290549419,71.8664890082166,1.0836412022925657,8.364120229256567,better,stacksats_momentum_weight,stacksats_momentum_weight_shifted,True
4,2021,2021-01-01,2021-12-31,365,BTC Bull | Normal MVRV | Market Growth Leading,130,sma_340d_weight,1302870.7226372946,859223.5290549418,443647.1935823527,1302.8707226372946,859.2235290549419,443.64719358235277,1.5163350147898293,51.633501478982936,better,sma_340d_weight,sma_340d_weight_shifted,True
4,2021,2021-01-01,2021-12-31,365,BTC Bull | Normal MVRV | Realized Growth Leading,26,stacksats_mvrv_weight,11373.401111289619,133294.3500549176,-121920.94894362797,11.373401111289619,133.2943500549176,-121.92094894362798,0.08532545532953009,-91.46745446704699,worse,stacksats_mvrv_weight,stacksats_mvrv_weight_shifted,True
4,2021,2021-01-01,2021-12-31,365,BTC Bull | Normal MVRV | Realized Growth Leading,26,stacksats_momentum_weight,131947.72388355967,133294.3500549176,-1346.6261713579297,131.94772388355966,133.2943500549176,-1.34662617135794,0.9898973499566701,-1.0102650043329886,worse,stacksats_momentum_weight,stacksats_momentum_weight_shifted,True
4,2021,2021-01-01,2021-12-31,365,BTC Bull | Normal MVRV | Realized Growth Leading,26,sma_340d_weight,243285.43004539737,133294.3500549176,109991.07999047978,243.28543004539736,133.2943500549176,109.99107999047976,1.8251743599422119,82.51743599422119,better,sma_340d_weight,sma_340d_weight_shifted,True
4,2021,2021-01-01,2021-12-31,365,BTC Neutral | Normal MVRV | Realized Growth Leading,21,stacksats_mvrv_weight,450.91811713532417,123876.43837148492,-123425.5202543496,0.45091811713532415,123.87643837148492,-123.42552025434959,0.0036400636235851035,-99.63599363764149,worse,stacksats_mvrv_weight,stacksats_mvrv_weight_shifted,True
4,2021,2021-01-01,2021-12-31,365,BTC Neutral | Normal MVRV | Realized Growth Leading,21,stacksats_momentum_weight,129082.97709117428,123876.43837148492,5206.538719689357,129.08297709117429,123.87643837148492,5.206538719689362,1.0420300969912923,4.203009699129234,better,stacksats_momentum_weight,stacksats_momentum_weight_shifted,True
4,2021,2021-01-01,2021-12-31,365,BTC Neutral | Normal MVRV | Realized Growth Leading,21,sma_340d_weight,299106.9297900667,123876.43837148492,175230.49141858175,299.10692979006666,123.87643837148492,175.23049141858172,2.4145586822014895,141.45586822014894,better,sma_340d_weight,sma_340d_weight_shifted,True
5,2022,2022-01-01,2022-12-31,365,BTC Bear | Low MVRV | Realized Growth Leading,167,stacksats_mvrv_weight,2578981.0572360083,2422124.2298395513,156856.82739645708,2578.9810572360084,2422.1242298395514,156.856827396457,1.0647600257096836,6.476002570968364,better,stacksats_mvrv_weight,stacksats_mvrv_weight_shifted,True
5,2022,2022-01-01,2022-12-31,365,BTC Bear | Low MVRV | Realized Growth Leading,167,stacksats_momentum_weight,2390622.2125819535,2422124.2298395513,-31502.017257597763,2390.6222125819536,2422.1242298395514,-31.5020172575978,0.9869940538682921,-1.3005946131707913,worse,stacksats_momentum_weight,stacksats_momentum_weight_shifted,True
5,2022,2022-01-01,2022-12-31,365,BTC Bear | Low MVRV | Realized Growth Leading,167,sma_340d_weight,2741619.1844461514,2422124.2298395513,319494.9546066001,2741.6191844461514,2422.1242298395514,319.4949546066,1.1319069231340642,13.190692313406416,better,sma_340d_weight,sma_340d_weight_shifted,True
5,2022,2022-01-01,2022-12-31,365,BTC Bear | Normal MVRV | Realized Growth Leading,162,stacksats_mvrv_weight,1041377.6599083557,1366072.7143543959,-324695.0544460402,1041.3776599083558,1366.0727143543959,-324.6950544460401,0.762314955101427,-23.7685044898573,worse,stacksats_mvrv_weight,stacksats_mvrv_weight_shifted,True
5,2022,2022-01-01,2022-12-31,365,BTC Bear | Normal MVRV | Realized Growth Leading,162,stacksats_momentum_weight,1364833.1034841118,1366072.7143543959,-1239.6108702840284,1364.833103484112,1366.0727143543959,-1.2396108702839683,0.9990925732889191,-0.09074267110809053,worse,stacksats_momentum_weight,stacksats_momentum_weight_shifted,True
5,2022,2022-01-01,2022-12-31,365,BTC Bear | Normal MVRV | Realized Growth Leading,162,sma_340d_weight,1296674.6612918987,1366072.7143543959,-69398.05306249717,1296.6746612918987,1366.0727143543959,-69.39805306249718,0.9491988586454605,-5.08011413545395,worse,sma_340d_weight,sma_340d_weight_shifted,True
5,2022,2022-01-01,2022-12-31,365,BTC Neutral | Normal MVRV | Realized Growth Leading,29,stacksats_mvrv_weight,186929.562304647,183992.09139225484,2937.470912392164,186.929562304647,183.99209139225485,2.9374709123921434,1.0159652020375687,1.5965202037568682,better,stacksats_mvrv_weight,stacksats_mvrv_weight_shifted,True
5,2022,2022-01-01,2022-12-31,365,BTC Neutral | Normal MVRV | Realized Growth Leading,29,stacksats_momentum_weight,184711.56223180747,183992.09139225484,719.4708395526395,184.71156223180748,183.99209139225485,0.7194708395526277,1.0039103356786068,0.3910335678606769,better,stacksats_momentum_weight,stacksats_momentum_weight_shifted,True
5,2022,2022-01-01,2022-12-31,365,BTC Neutral | Normal MVRV | Realized Growth Leading,29,sma_340d_weight,138594.32356853533,183992.09139225484,-45397.76782371951,138.59432356853532,183.99209139225485,-45.39776782371953,0.7532623957899608,-24.67376042100392,worse,sma_340d_weight,sma_340d_weight_shifted,True
6,2023,2023-01-01,2023-12-31,365,BTC Bear | Normal MVRV | Realized Growth Leading,40,stacksats_mvrv_weight,547991.0279449653,494693.2704325089,53297.75751245639,547.9910279449653,494.6932704325089,53.29775751245637,1.1077389984825512,10.77389984825512,better,stacksats_mvrv_weight,stacksats_mvrv_weight_shifted,True
6,2023,2023-01-01,2023-12-31,365,BTC Bear | Normal MVRV | Realized Growth Leading,40,stacksats_momentum_weight,477239.115197442,494693.2704325089,-17454.155235066894,477.239115197442,494.6932704325089,-17.454155235066878,0.9647172171559828,-3.52827828440172,worse,stacksats_momentum_weight,stacksats_momentum_weight_shifted,True
6,2023,2023-01-01,2023-12-31,365,BTC Bear | Normal MVRV | Realized Growth Leading,40,sma_340d_weight,811319.8408735908,494693.2704325089,316626.5704410819,811.3198408735908,494.6932704325089,316.6265704410819,1.6400462455538485,64.00462455538485,better,sma_340d_weight,sma_340d_weight_shifted,True
6,2023,2023-01-01,2023-12-31,365,BTC Bull | Normal MVRV | Market Growth Leading,225,stacksats_mvrv_weight,1969509.8065860623,2021820.1311052027,-52310.32451914041,1969.5098065860623,2021.8201311052028,-52.31032451914052,0.9741271126375887,-2.5872887362411334,worse,stacksats_mvrv_weight,stacksats_mvrv_weight_shifted,True
6,2023,2023-01-01,2023-12-31,365,BTC Bull | Normal MVRV | Market Growth Leading,225,stacksats_momentum_weight,2056664.694478694,2021820.1311052027,34844.56337349117,2056.664694478694,2021.8201311052028,34.844563373491155,1.0172342548367266,1.7234254836726581,better,stacksats_momentum_weight,stacksats_momentum_weight_shifted,True
6,2023,2023-01-01,2023-12-31,365,BTC Bull | Normal MVRV | Market Growth Leading,225,sma_340d_weight,1779451.4245480206,2021820.1311052027,-242368.70655718213,1779.4514245480207,2021.8201311052028,-242.36870655718212,0.8801235071169786,-11.987649288302137,worse,sma_340d_weight,sma_340d_weight_shifted,True
6,2023,2023-01-01,2023-12-31,365,BTC Neutral | Normal MVRV | Realized Growth Leading,59,stacksats_mvrv_weight,616704.6633707376,591637.7810095715,25066.882361166063,616.7046633707375,591.6377810095715,25.066882361165995,1.0423686302088278,4.236863020882775,better,stacksats_mvrv_weight,stacksats_mvrv_weight_shifted,True
6,2023,2023-01-01,2023-12-31,365,BTC Neutral | Normal MVRV | Realized Growth Leading,59,stacksats_momentum_weight,574356.7014666421,591637.7810095715,-17281.079542929423,574.3567014666421,591.6377810095715,-17.281079542929433,0.9707911156156374,-2.9208884384362643,worse,stacksats_momentum_weight,stacksats_momentum_weight_shifted,True
6,2023,2023-01-01,2023-12-31,365,BTC Neutral | Normal MVRV | Realized Growth Leading,59,sma_340d_weight,564739.3705400284,591637.7810095715,-26898.410469543072,564.7393705400284,591.6377810095715,-26.898410469543137,0.9545356781920795,-4.546432180792048,worse,sma_340d_weight,sma_340d_weight_shifted,True
