start_date,end_date,day_index,date,price_usd,weight
2023-01-01T00:00:00.000000,2023-12-31T00:00:00.000000,0.0,2023-01-01T00:00:00.000000,16607.85999999965,0.004022039157504919
2023-01-01T00:00:00.000000,2023-12-31T00:00:00.000000,1.0,2023-01-02T00:00:00.000000,16668.7299999997,0.004010151342186558
2023-01-01T00:00:00.000000,2023-12-31T00:00:00.000000,2.0,2023-01-03T00:00:00.000000,16667.849999999744,0.003995012366253958
2023-01-01T00:00:00.000000,2023-12-31T00:00:00.000000,3.0,2023-01-04T00:00:00.000000,16853.319999999912,0.003972777576086252
2023-01-01T00:00:00.000000,2023-12-31T00:00:00.000000,4.0,2023-01-05T00:00:00.000000,16825.98999999953,0.003954969830427556
2023-01-01T00:00:00.000000,2023-12-31T00:00:00.000000,5.0,2023-01-06T00:00:00.000000,16953.44999999993,0.00393476861051299
2023-01-01T00:00:00.000000,2023-12-31T00:00:00.000000,6.0,2023-01-07T00:00:00.000000,16945.9099999999,0.00391493902090657
2023-01-01T00:00:00.000000,2023-12-31T00:00:00.000000,7.0,2023-01-08T00:00:00.000000,17052.009999999915,0.0038943055350045925
2023-01-01T00:00:00.000000,2023-12-31T00:00:00.000000,8.0,2023-01-09T00:00:00.000000,17188.52999999999,0.003873551531125253
2023-01-01T00:00:00.000000,2023-12-31T00:00:00.000000,9.0,2023-01-10T00:00:00.000000,17432.629999999954,0.0038457781578488033
2023-01-01T00:00:00.000000,2023-12-31T00:00:00.000000,10.0,2023-01-11T00:00:00.000000,17893.879999999932,0.0038099376891643044
2023-01-01T00:00:00.000000,2023-12-31T00:00:00.000000,11.0,2023-01-12T00:00:00.000000,18857.499999999716,0.003752033195474363
2023-01-01T00:00:00.000000,2023-12-31T00:00:00.000000,12.0,2023-01-13T00:00:00.000000,19851.5199999999,0.003733438595819219
2023-01-01T00:00:00.000000,2023-12-31T00:00:00.000000,13.0,2023-01-14T00:00:00.000000,20978.939999999842,0.003652410051978826
2023-01-01T00:00:00.000000,2023-12-31T00:00:00.000000,14.0,2023-01-15T00:00:00.000000,20884.13999999972,0.0035680914613700097
2023-01-01T00:00:00.000000,2023-12-31T00:00:00.000000,15.0,2023-01-16T00:00:00.000000,21165.759999999984,0.0034799063592188453
2023-01-01T00:00:00.000000,2023-12-31T00:00:00.000000,16.0,2023-01-17T00:00:00.000000,21187.859999999502,0.003402112226835952
2023-01-01T00:00:00.000000,2023-12-31T00:00:00.000000,17.0,2023-01-18T00:00:00.000000,20669.289999999884,0.003352138333246089
2023-01-01T00:00:00.000000,2023-12-31T00:00:00.000000,18.0,2023-01-19T00:00:00.000000,21084.219999999626,0.0033117229575438073
2023-01-01T00:00:00.000000,2023-12-31T00:00:00.000000,19.0,2023-01-20T00:00:00.000000,22691.63999999979,0.0031915681411374135
2023-01-01T00:00:00.000000,2023-12-31T00:00:00.000000,20.0,2023-01-21T00:00:00.000000,22800.8699999998,0.003112880853328135
2023-01-01T00:00:00.000000,2023-12-31T00:00:00.000000,21.0,2023-01-22T00:00:00.000000,22692.539999999954,0.003047910776243852
2023-01-01T00:00:00.000000,2023-12-31T00:00:00.000000,22.0,2023-01-23T00:00:00.000000,22923.519999999484,0.00298664084170012
2023-01-01T00:00:00.000000,2023-12-31T00:00:00.000000,23.0,2023-01-24T00:00:00.000000,22626.619999999508,0.002934695948597727
2023-01-01T00:00:00.000000,2023-12-31T00:00:00.000000,24.0,2023-01-25T00:00:00.000000,23084.8799999997,0.00285895593124728
2023-01-01T00:00:00.000000,2023-12-31T00:00:00.000000,25.0,2023-01-26T00:00:00.000000,23013.559999999565,0.002797570510361908
2023-01-01T00:00:00.000000,2023-12-31T00:00:00.000000,26.0,2023-01-27T00:00:00.000000,23075.6199999996,0.002779922289969667
2023-01-01T00:00:00.000000,2023-12-31T00:00:00.000000,27.0,2023-01-28T00:00:00.000000,23004.879999999903,0.0027864102270697953
2023-01-01T00:00:00.000000,2023-12-31T00:00:00.000000,28.0,2023-01-29T00:00:00.000000,23776.389999999712,0.002786904491458872
2023-01-01T00:00:00.000000,2023-12-31T00:00:00.000000,29.0,2023-01-30T00:00:00.000000,22801.529999999526,0.002796306078648183
2023-01-01T00:00:00.000000,2023-12-31T00:00:00.000000,30.0,2023-01-31T00:00:00.000000,23128.979999999785,0.002781203884711243
2023-01-01T00:00:00.000000,2023-12-31T00:00:00.000000,31.0,2023-02-01T00:00:00.000000,23714.709999999635,0.002777228214931878
2023-01-01T00:00:00.000000,2023-12-31T00:00:00.000000,32.0,2023-02-02T00:00:00.000000,23465.5299999999,0.002771890905176987
2023-01-01T00:00:00.000000,2023-12-31T00:00:00.000000,33.0,2023-02-03T00:00:00.000000,23452.299999999734,0.002769271601919753
2023-01-01T00:00:00.000000,2023-12-31T00:00:00.000000,34.0,2023-02-04T00:00:00.000000,23314.28999999986,0.002767096879000441
2023-01-01T00:00:00.000000,2023-12-31T00:00:00.000000,35.0,2023-02-05T00:00:00.000000,22936.42999999984,0.002771812247467126
2023-01-01T00:00:00.000000,2023-12-31T00:00:00.000000,36.0,2023-02-06T00:00:00.000000,22707.339999999993,0.0027754034634754872
2023-01-01T00:00:00.000000,2023-12-31T00:00:00.000000,37.0,2023-02-07T00:00:00.000000,23266.1099999997,0.0027844107978782073
2023-01-01T00:00:00.000000,2023-12-31T00:00:00.000000,38.0,2023-02-08T00:00:00.000000,22925.659999999512,0.0027916167248062053
2023-01-01T00:00:00.000000,2023-12-31T00:00:00.000000,39.0,2023-02-09T00:00:00.000000,21801.889999999734,0.002833706311672355
2023-01-01T00:00:00.000000,2023-12-31T00:00:00.000000,40.0,2023-02-10T00:00:00.000000,21643.829999999532,0.0028683278035053325
2023-01-01T00:00:00.000000,2023-12-31T00:00:00.000000,41.0,2023-02-11T00:00:00.000000,21830.869999999704,0.002894512455960107
2023-01-01T00:00:00.000000,2023-12-31T00:00:00.000000,42.0,2023-02-12T00:00:00.000000,21763.66999999963,0.002919874222658622
2023-01-01T00:00:00.000000,2023-12-31T00:00:00.000000,43.0,2023-02-13T00:00:00.000000,21797.839999999494,0.002941286005625438
2023-01-01T00:00:00.000000,2023-12-31T00:00:00.000000,44.0,2023-02-14T00:00:00.000000,22239.66999999983,0.0029571755523633268
2023-01-01T00:00:00.000000,2023-12-31T00:00:00.000000,45.0,2023-02-15T00:00:00.000000,24331.999999999767,0.0029578199064853464
2023-01-01T00:00:00.000000,2023-12-31T00:00:00.000000,46.0,2023-02-16T00:00:00.000000,23551.069999999698,0.0028929839917027213
2023-01-01T00:00:00.000000,2023-12-31T00:00:00.000000,47.0,2023-02-17T00:00:00.000000,24567.309999999772,0.0028338147815271525
2023-01-01T00:00:00.000000,2023-12-31T00:00:00.000000,48.0,2023-02-18T00:00:00.000000,24636.2299999996,0.002778130094243562
2023-01-01T00:00:00.000000,2023-12-31T00:00:00.000000,49.0,2023-02-19T00:00:00.000000,24334.4699999996,0.0027210303493105455
2023-01-01T00:00:00.000000,2023-12-31T00:00:00.000000,50.0,2023-02-20T00:00:00.000000,24807.549999999883,0.002664225759311147
2023-01-01T00:00:00.000000,2023-12-31T00:00:00.000000,51.0,2023-02-21T00:00:00.000000,24431.719999999514,0.0026224396524276135
2023-01-01T00:00:00.000000,2023-12-31T00:00:00.000000,52.0,2023-02-22T00:00:00.000000,24204.029999999744,0.0025983759486489814
2023-01-01T00:00:00.000000,2023-12-31T00:00:00.000000,53.0,2023-02-23T00:00:00.000000,23904.28999999985,0.0026073858840471725
2023-01-01T00:00:00.000000,2023-12-31T00:00:00.000000,54.0,2023-02-24T00:00:00.000000,23175.979999999527,0.0026202236049262225
2023-01-01T00:00:00.000000,2023-12-31T00:00:00.000000,55.0,2023-02-25T00:00:00.000000,23170.679999999604,0.0026332851428847053
2023-01-01T00:00:00.000000,2023-12-31T00:00:00.000000,56.0,2023-02-26T00:00:00.000000,23534.019999999913,0.002647472297553275
2023-01-01T00:00:00.000000,2023-12-31T00:00:00.000000,57.0,2023-02-27T00:00:00.000000,23493.369999999613,0.0026618846070914147
2023-01-01T00:00:00.000000,2023-12-31T00:00:00.000000,58.0,2023-02-28T00:00:00.000000,23136.27999999993,0.0026771974775778736
2023-01-01T00:00:00.000000,2023-12-31T00:00:00.000000,59.0,2023-03-01T00:00:00.000000,23641.75999999985,0.0026920597794990145
2023-01-01T00:00:00.000000,2023-12-31T00:00:00.000000,60.0,2023-03-02T00:00:00.000000,23464.239999999543,0.002704895407333122
2023-01-01T00:00:00.000000,2023-12-31T00:00:00.000000,61.0,2023-03-03T00:00:00.000000,22351.369999999777,0.0027170547309335533
2023-01-01T00:00:00.000000,2023-12-31T00:00:00.000000,62.0,2023-03-04T00:00:00.000000,22338.839999999538,0.002722008823109148
2023-01-01T00:00:00.000000,2023-12-31T00:00:00.000000,63.0,2023-03-05T00:00:00.000000,22404.5799999995,0.0027253866658106746
2023-01-01T00:00:00.000000,2023-12-31T00:00:00.000000,64.0,2023-03-06T00:00:00.000000,22400.05999999955,0.0027298903877296253
2023-01-01T00:00:00.000000,2023-12-31T00:00:00.000000,65.0,2023-03-07T00:00:00.000000,22200.959999999497,0.0027350696766987896
2023-01-01T00:00:00.000000,2023-12-31T00:00:00.000000,66.0,2023-03-08T00:00:00.000000,21682.12999999995,0.0027532942785320805
2023-01-01T00:00:00.000000,2023-12-31T00:00:00.000000,67.0,2023-03-09T00:00:00.000000,20335.399999999554,0.0028157302577685086
2023-01-01T00:00:00.000000,2023-12-31T00:00:00.000000,68.0,2023-03-10T00:00:00.000000,20235.429999999753,0.002853816879688671
2023-01-01T00:00:00.000000,2023-12-31T00:00:00.000000,69.0,2023-03-11T00:00:00.000000,20647.629999999826,0.002888776267010758
2023-01-01T00:00:00.000000,2023-12-31T00:00:00.000000,70.0,2023-03-12T00:00:00.000000,21945.15999999996,0.002876313595564429
2023-01-01T00:00:00.000000,2023-12-31T00:00:00.000000,71.0,2023-03-13T00:00:00.000000,24176.259999999733,0.0027645515874223617
2023-01-01T00:00:00.000000,2023-12-31T00:00:00.000000,72.0,2023-03-14T00:00:00.000000,24703.539999999633,0.0026242519752107366
2023-01-01T00:00:00.000000,2023-12-31T00:00:00.000000,73.0,2023-03-15T00:00:00.000000,24396.59999999967,0.0024628371736331277
2023-01-01T00:00:00.000000,2023-12-31T00:00:00.000000,74.0,2023-03-16T00:00:00.000000,25044.409999999803,0.0022384716658939603
2023-01-01T00:00:00.000000,2023-12-31T00:00:00.000000,75.0,2023-03-17T00:00:00.000000,27417.609999999884,0.0020017856038362244
2023-01-01T00:00:00.000000,2023-12-31T00:00:00.000000,76.0,2023-03-18T00:00:00.000000,26921.52999999975,0.0017774583088069785
2023-01-01T00:00:00.000000,2023-12-31T00:00:00.000000,77.0,2023-03-19T00:00:00.000000,28175.26999999997,0.0015976256648833754
2023-01-01T00:00:00.000000,2023-12-31T00:00:00.000000,78.0,2023-03-20T00:00:00.000000,27826.199999999826,0.0015141649623805918
2023-01-01T00:00:00.000000,2023-12-31T00:00:00.000000,79.0,2023-03-21T00:00:00.000000,28209.569999999487,0.0014556389393085183
2023-01-01T00:00:00.000000,2023-12-31T00:00:00.000000,80.0,2023-03-22T00:00:00.000000,27319.759999999664,0.0014036065136486596
2023-01-01T00:00:00.000000,2023-12-31T00:00:00.000000,81.0,2023-03-23T00:00:00.000000,28355.419999999816,0.0013698630136986301
2023-01-01T00:00:00.000000,2023-12-31T00:00:00.000000,82.0,2023-03-24T00:00:00.000000,27436.689999999875,0.0013698630136986301
2023-01-01T00:00:00.000000,2023-12-31T00:00:00.000000,83.0,2023-03-25T00:00:00.000000,27503.159999999814,0.0014065748191748016
2023-01-01T00:00:00.000000,2023-12-31T00:00:00.000000,84.0,2023-03-26T00:00:00.000000,28011.50999999958,0.0014848663402353098
2023-01-01T00:00:00.000000,2023-12-31T00:00:00.000000,85.0,2023-03-27T00:00:00.000000,27136.09999999985,0.0015966599480006876
2023-01-01T00:00:00.000000,2023-12-31T00:00:00.000000,86.0,2023-03-28T00:00:00.000000,27291.439999999962,0.0017334382121811883
2023-01-01T00:00:00.000000,2023-12-31T00:00:00.000000,87.0,2023-03-29T00:00:00.000000,28357.6799999999,0.0018826842758698523
2023-01-01T00:00:00.000000,2023-12-31T00:00:00.000000,88.0,2023-03-30T00:00:00.000000,28036.13,0.002038940789430027
2023-01-01T00:00:00.000000,2023-12-31T00:00:00.000000,89.0,2023-03-31T00:00:00.000000,28480.269999999822,0.0022017660951292872
2023-01-01T00:00:00.000000,2023-12-31T00:00:00.000000,90.0,2023-04-01T00:00:00.000000,28471.45999999998,0.0023325949232907515
2023-01-01T00:00:00.000000,2023-12-31T00:00:00.000000,91.0,2023-04-02T00:00:00.000000,28210.799999999665,0.002425121628527106
2023-01-01T00:00:00.000000,2023-12-31T00:00:00.000000,92.0,2023-04-03T00:00:00.000000,27793.369999999875,0.0024864646983984028
2023-01-01T00:00:00.000000,2023-12-31T00:00:00.000000,93.0,2023-04-04T00:00:00.000000,28144.03999999986,0.0025248607091128096
2023-01-01T00:00:00.000000,2023-12-31T00:00:00.000000,94.0,2023-04-05T00:00:00.000000,28182.949999999983,0.002553043488962468
2023-01-01T00:00:00.000000,2023-12-31T00:00:00.000000,95.0,2023-04-06T00:00:00.000000,28057.649999999656,0.002578720585405484
2023-01-01T00:00:00.000000,2023-12-31T00:00:00.000000,96.0,2023-04-07T00:00:00.000000,27929.829999999827,0.002602333230893336
2023-01-01T00:00:00.000000,2023-12-31T00:00:00.000000,97.0,2023-04-08T00:00:00.000000,27952.279999999682,0.002625059068580002
2023-01-01T00:00:00.000000,2023-12-31T00:00:00.000000,98.0,2023-04-09T00:00:00.000000,28339.999999999945,0.002647433965047629
2023-01-01T00:00:00.000000,2023-12-31T00:00:00.000000,99.0,2023-04-10T00:00:00.000000,29624.239999999972,0.002669957523504757
2023-01-01T00:00:00.000000,2023-12-31T00:00:00.000000,100.0,2023-04-11T00:00:00.000000,30234.469999999594,0.002683015392846235
2023-01-01T00:00:00.000000,2023-12-31T00:00:00.000000,101.0,2023-04-12T00:00:00.000000,29909.96999999994,0.0026953975372166197
2023-01-01T00:00:00.000000,2023-12-31T00:00:00.000000,102.0,2023-04-13T00:00:00.000000,30395.879999999823,0.002705752078429782
2023-01-01T00:00:00.000000,2023-12-31T00:00:00.000000,103.0,2023-04-14T00:00:00.000000,30491.729999999767,0.0027136302461523757
2023-01-01T00:00:00.000000,2023-12-31T00:00:00.000000,104.0,2023-04-15T00:00:00.000000,30325.029999999522,0.002721734116796772
2023-01-01T00:00:00.000000,2023-12-31T00:00:00.000000,105.0,2023-04-16T00:00:00.000000,30311.049999999846,0.0027302896774437442
2023-01-01T00:00:00.000000,2023-12-31T00:00:00.000000,106.0,2023-04-17T00:00:00.000000,29502.169999999638,0.002737727777700661
2023-01-01T00:00:00.000000,2023-12-31T00:00:00.000000,107.0,2023-04-18T00:00:00.000000,30340.259999999842,0.0027521401392330384
2023-01-01T00:00:00.000000,2023-12-31T00:00:00.000000,108.0,2023-04-19T00:00:00.000000,28838.27999999981,0.0027631580856438617
2023-01-01T00:00:00.000000,2023-12-31T00:00:00.000000,109.0,2023-04-20T00:00:00.000000,28246.349999999613,0.0027579778303450327
2023-01-01T00:00:00.000000,2023-12-31T00:00:00.000000,110.0,2023-04-21T00:00:00.000000,27295.319999999574,0.0027518964166101485
2023-01-01T00:00:00.000000,2023-12-31T00:00:00.000000,111.0,2023-04-22T00:00:00.000000,27838.689999999824,0.0027386106898701474
2023-01-01T00:00:00.000000,2023-12-31T00:00:00.000000,112.0,2023-04-23T00:00:00.000000,27592.97999999986,0.002723524212303725
2023-01-01T00:00:00.000000,2023-12-31T00:00:00.000000,113.0,2023-04-24T00:00:00.000000,27514.939999999657,0.002710466494258826
2023-01-01T00:00:00.000000,2023-12-31T00:00:00.000000,114.0,2023-04-25T00:00:00.000000,28305.269999999982,0.002701463125470018
2023-01-01T00:00:00.000000,2023-12-31T00:00:00.000000,115.0,2023-04-26T00:00:00.000000,28429.21999999958,0.0026931500652615514
2023-01-01T00:00:00.000000,2023-12-31T00:00:00.000000,116.0,2023-04-27T00:00:00.000000,29473.399999999685,0.0027021533856375485
2023-01-01T00:00:00.000000,2023-12-31T00:00:00.000000,117.0,2023-04-28T00:00:00.000000,29329.00999999977,0.0027055305796098647
2023-01-01T00:00:00.000000,2023-12-31T00:00:00.000000,118.0,2023-04-29T00:00:00.000000,29228.73999999984,0.0027158878112943105
2023-01-01T00:00:00.000000,2023-12-31T00:00:00.000000,119.0,2023-04-30T00:00:00.000000,29317.159999999487,0.002728496082974683
2023-01-01T00:00:00.000000,2023-12-31T00:00:00.000000,120.0,2023-05-01T00:00:00.000000,28077.26999999991,0.0027410958781222267
2023-01-01T00:00:00.000000,2023-12-31T00:00:00.000000,121.0,2023-05-02T00:00:00.000000,28654.319999999712,0.002739742510101529
2023-01-01T00:00:00.000000,2023-12-31T00:00:00.000000,122.0,2023-05-03T00:00:00.000000,28984.64999999992,0.0027408666580599965
2023-01-01T00:00:00.000000,2023-12-31T00:00:00.000000,123.0,2023-05-04T00:00:00.000000,28857.229999999927,0.002741774129065786
2023-01-01T00:00:00.000000,2023-12-31T00:00:00.000000,124.0,2023-05-05T00:00:00.000000,29525.75999999973,0.00275123168867388
2023-01-01T00:00:00.000000,2023-12-31T00:00:00.000000,125.0,2023-05-06T00:00:00.000000,28873.68999999972,0.0027568595995554235
2023-01-01T00:00:00.000000,2023-12-31T00:00:00.000000,126.0,2023-05-07T00:00:00.000000,28482.849999999602,0.002758211408615713
2023-01-01T00:00:00.000000,2023-12-31T00:00:00.000000,127.0,2023-05-08T00:00:00.000000,27696.499999999887,0.0027582199672396886
2023-01-01T00:00:00.000000,2023-12-31T00:00:00.000000,128.0,2023-05-09T00:00:00.000000,27606.25999999985,0.0027658814413384462
2023-01-01T00:00:00.000000,2023-12-31T00:00:00.000000,129.0,2023-05-10T00:00:00.000000,27624.009999999656,0.0027751186010832206
2023-01-01T00:00:00.000000,2023-12-31T00:00:00.000000,130.0,2023-05-11T00:00:00.000000,26995.269999999928,0.0027827782958528605
2023-01-01T00:00:00.000000,2023-12-31T00:00:00.000000,131.0,2023-05-12T00:00:00.000000,26808.839999999826,0.0027859377067680473
2023-01-01T00:00:00.000000,2023-12-31T00:00:00.000000,132.0,2023-05-13T00:00:00.000000,26803.95999999989,0.002789997773002432
2023-01-01T00:00:00.000000,2023-12-31T00:00:00.000000,133.0,2023-05-14T00:00:00.000000,26929.97999999995,0.002795856439150711
2023-01-01T00:00:00.000000,2023-12-31T00:00:00.000000,134.0,2023-05-15T00:00:00.000000,27276.789999999986,0.0028010394610205455
2023-01-01T00:00:00.000000,2023-12-31T00:00:00.000000,135.0,2023-05-16T00:00:00.000000,27036.809999999936,0.002809822912741166
2023-01-01T00:00:00.000000,2023-12-31T00:00:00.000000,136.0,2023-05-17T00:00:00.000000,27407.769999999873,0.002816579112121482
2023-01-01T00:00:00.000000,2023-12-31T00:00:00.000000,137.0,2023-05-18T00:00:00.000000,26824.29999999961,0.0028219842298862403
2023-01-01T00:00:00.000000,2023-12-31T00:00:00.000000,138.0,2023-05-19T00:00:00.000000,26889.439999999853,0.002826938655410009
2023-01-01T00:00:00.000000,2023-12-31T00:00:00.000000,139.0,2023-05-20T00:00:00.000000,27113.60999999989,0.0028325683709197686
2023-01-01T00:00:00.000000,2023-12-31T00:00:00.000000,140.0,2023-05-21T00:00:00.000000,26780.869999999602,0.002837297282758839
2023-01-01T00:00:00.000000,2023-12-31T00:00:00.000000,141.0,2023-05-22T00:00:00.000000,26854.729999999632,0.002840900500751951
2023-01-01T00:00:00.000000,2023-12-31T00:00:00.000000,142.0,2023-05-23T00:00:00.000000,27233.109999999782,0.002844728766908346
2023-01-01T00:00:00.000000,2023-12-31T00:00:00.000000,143.0,2023-05-24T00:00:00.000000,26338.869999999857,0.002847655386227316
2023-01-01T00:00:00.000000,2023-12-31T00:00:00.000000,144.0,2023-05-25T00:00:00.000000,26476.65999999968,0.0028463049951601687
2023-01-01T00:00:00.000000,2023-12-31T00:00:00.000000,145.0,2023-05-26T00:00:00.000000,26705.91999999963,0.0028472058724180556
2023-01-01T00:00:00.000000,2023-12-31T00:00:00.000000,146.0,2023-05-27T00:00:00.000000,26852.13999999964,0.00284720597776347
2023-01-01T00:00:00.000000,2023-12-31T00:00:00.000000,147.0,2023-05-28T00:00:00.000000,28088.95999999973,0.002847878787580292
2023-01-01T00:00:00.000000,2023-12-31T00:00:00.000000,148.0,2023-05-29T00:00:00.000000,27736.399999999496,0.0028399966771086027
2023-01-01T00:00:00.000000,2023-12-31T00:00:00.000000,149.0,2023-05-30T00:00:00.000000,27707.839999999993,0.0028321151143623656
2023-01-01T00:00:00.000000,2023-12-31T00:00:00.000000,150.0,2023-05-31T00:00:00.000000,27240.009999999533,0.002826035873394294
2023-01-01T00:00:00.000000,2023-12-31T00:00:00.000000,151.0,2023-06-01T00:00:00.000000,26798.64999999983,0.002823783701707255
2023-01-01T00:00:00.000000,2023-12-31T00:00:00.000000,152.0,2023-06-02T00:00:00.000000,27241.32999999998,0.0028204057427457215
2023-01-01T00:00:00.000000,2023-12-31T00:00:00.000000,153.0,2023-06-03T00:00:00.000000,27074.09999999952,0.002816802770253198
2023-01-01T00:00:00.000000,2023-12-31T00:00:00.000000,154.0,2023-06-04T00:00:00.000000,27115.209999999523,0.0028134278371833767
2023-01-01T00:00:00.000000,2023-12-31T00:00:00.000000,155.0,2023-06-05T00:00:00.000000,25738.079999999874,0.0028199535901137374
2023-01-01T00:00:00.000000,2023-12-31T00:00:00.000000,156.0,2023-06-06T00:00:00.000000,27179.38999999965,0.00281319126828745
2023-01-01T00:00:00.000000,2023-12-31T00:00:00.000000,157.0,2023-06-07T00:00:00.000000,26364.809999999536,0.0027866174970111357
2023-01-01T00:00:00.000000,2023-12-31T00:00:00.000000,158.0,2023-06-08T00:00:00.000000,26493.439999999668,0.002758243896273556
2023-01-01T00:00:00.000000,2023-12-31T00:00:00.000000,159.0,2023-06-09T00:00:00.000000,26474.69999999995,0.0027327978893456773
2023-01-01T00:00:00.000000,2023-12-31T00:00:00.000000,160.0,2023-06-10T00:00:00.000000,25841.209999999544,0.002712080426023918
2023-01-01T00:00:00.000000,2023-12-31T00:00:00.000000,161.0,2023-06-11T00:00:00.000000,25920.869999999653,0.0026886614198110017
2023-01-01T00:00:00.000000,2023-12-31T00:00:00.000000,162.0,2023-06-12T00:00:00.000000,25887.53999999991,0.0026695261658208594
2023-01-01T00:00:00.000000,2023-12-31T00:00:00.000000,163.0,2023-06-13T00:00:00.000000,25898.449999999517,0.0026670564243310656
2023-01-01T00:00:00.000000,2023-12-31T00:00:00.000000,164.0,2023-06-14T00:00:00.000000,25130.889999999526,0.0026852985634507774
2023-01-01T00:00:00.000000,2023-12-31T00:00:00.000000,165.0,2023-06-15T00:00:00.000000,25574.989999999856,0.002702638580355826
2023-01-01T00:00:00.000000,2023-12-31T00:00:00.000000,166.0,2023-06-16T00:00:00.000000,26342.539999999735,0.0027175007810168773
2023-01-01T00:00:00.000000,2023-12-31T00:00:00.000000,167.0,2023-06-17T00:00:00.000000,26504.889999999526,0.0027240317740062593
2023-01-01T00:00:00.000000,2023-12-31T00:00:00.000000,168.0,2023-06-18T00:00:00.000000,26341.749999999654,0.0027355162405610168
2023-01-01T00:00:00.000000,2023-12-31T00:00:00.000000,169.0,2023-06-19T00:00:00.000000,26825.989999999772,0.002743622390154615
2023-01-01T00:00:00.000000,2023-12-31T00:00:00.000000,170.0,2023-06-20T00:00:00.000000,28365.249999999556,0.002747660924483321
2023-01-01T00:00:00.000000,2023-12-31T00:00:00.000000,171.0,2023-06-21T00:00:00.000000,29993.88999999994,0.002728030347604128
2023-01-01T00:00:00.000000,2023-12-31T00:00:00.000000,172.0,2023-06-22T00:00:00.000000,29950.95999999965,0.002698289519015516
2023-01-01T00:00:00.000000,2023-12-31T00:00:00.000000,173.0,2023-06-23T00:00:00.000000,30577.98999999951,0.0026712531974768653
2023-01-01T00:00:00.000000,2023-12-31T00:00:00.000000,174.0,2023-06-24T00:00:00.000000,30501.739999999652,0.0026487266337212045
2023-01-01T00:00:00.000000,2023-12-31T00:00:00.000000,175.0,2023-06-25T00:00:00.000000,30458.6399999996,0.002627329334844892
2023-01-01T00:00:00.000000,2023-12-31T00:00:00.000000,176.0,2023-06-26T00:00:00.000000,30267.98999999951,0.002607060005443158
2023-01-01T00:00:00.000000,2023-12-31T00:00:00.000000,177.0,2023-06-27T00:00:00.000000,30683.289999999608,0.00259130885009893
2023-01-01T00:00:00.000000,2023-12-31T00:00:00.000000,178.0,2023-06-28T00:00:00.000000,30084.009999999485,0.0025999030680322636
2023-01-01T00:00:00.000000,2023-12-31T00:00:00.000000,179.0,2023-06-29T00:00:00.000000,30455.25999999965,0.002622661295194138
2023-01-01T00:00:00.000000,2023-12-31T00:00:00.000000,180.0,2023-06-30T00:00:00.000000,30491.22999999958,0.002645643372993757
2023-01-01T00:00:00.000000,2023-12-31T00:00:00.000000,181.0,2023-07-01T00:00:00.000000,30584.769999999866,0.002671546611755984
2023-01-01T00:00:00.000000,2023-12-31T00:00:00.000000,182.0,2023-07-02T00:00:00.000000,30630.549999999886,0.002695419982719815
2023-01-01T00:00:00.000000,2023-12-31T00:00:00.000000,183.0,2023-07-03T00:00:00.000000,31129.089999999724,0.0027170396562216435
2023-01-01T00:00:00.000000,2023-12-31T00:00:00.000000,184.0,2023-07-04T00:00:00.000000,30775.179999999986,0.002734380796741002
2023-01-01T00:00:00.000000,2023-12-31T00:00:00.000000,185.0,2023-07-05T00:00:00.000000,30517.27999999965,0.0027496953324791114
2023-01-01T00:00:00.000000,2023-12-31T00:00:00.000000,186.0,2023-07-06T00:00:00.000000,29965.839999999873,0.0027654593446195174
2023-01-01T00:00:00.000000,2023-12-31T00:00:00.000000,187.0,2023-07-07T00:00:00.000000,30345.959999999835,0.0027776202186925907
2023-01-01T00:00:00.000000,2023-12-31T00:00:00.000000,188.0,2023-07-08T00:00:00.000000,30226.829999999874,0.002786628349966499
2023-01-01T00:00:00.000000,2023-12-31T00:00:00.000000,189.0,2023-07-09T00:00:00.000000,30159.98999999987,0.002795411211599399
2023-01-01T00:00:00.000000,2023-12-31T00:00:00.000000,190.0,2023-07-10T00:00:00.000000,30411.72999999995,0.0028044195373771487
2023-01-01T00:00:00.000000,2023-12-31T00:00:00.000000,191.0,2023-07-11T00:00:00.000000,30613.98999999983,0.002814328359732112
2023-01-01T00:00:00.000000,2023-12-31T00:00:00.000000,192.0,2023-07-12T00:00:00.000000,30391.989999999532,0.002824011597063812
2023-01-01T00:00:00.000000,2023-12-31T00:00:00.000000,193.0,2023-07-13T00:00:00.000000,31454.22999999975,0.0028323424511757025
2023-01-01T00:00:00.000000,2023-12-31T00:00:00.000000,194.0,2023-07-14T00:00:00.000000,30301.8599999998,0.002835267857670309
2023-01-01T00:00:00.000000,2023-12-31T00:00:00.000000,195.0,2023-07-15T00:00:00.000000,30279.419999999573,0.0028289628964974917
2023-01-01T00:00:00.000000,2023-12-31T00:00:00.000000,196.0,2023-07-16T00:00:00.000000,30235.99999999959,0.0028228831053159127
2023-01-01T00:00:00.000000,2023-12-31T00:00:00.000000,197.0,2023-07-17T00:00:00.000000,30155.65999999991,0.0028179292696965666
2023-01-01T00:00:00.000000,2023-12-31T00:00:00.000000,198.0,2023-07-18T00:00:00.000000,29850.539999999484,0.002813650996879397
2023-01-01T00:00:00.000000,2023-12-31T00:00:00.000000,199.0,2023-07-19T00:00:00.000000,29937.809999999627,0.002809823267045785
2023-01-01T00:00:00.000000,2023-12-31T00:00:00.000000,200.0,2023-07-20T00:00:00.000000,29799.999999999953,0.0028077982749974933
2023-01-01T00:00:00.000000,2023-12-31T00:00:00.000000,201.0,2023-07-21T00:00:00.000000,29900.81999999969,0.002812754761381621
2023-01-01T00:00:00.000000,2023-12-31T00:00:00.000000,202.0,2023-07-22T00:00:00.000000,29735.70999999995,0.0028264911629374517
2023-01-01T00:00:00.000000,2023-12-31T00:00:00.000000,203.0,2023-07-23T00:00:00.000000,30073.97999999986,0.00283752524526136
2023-01-01T00:00:00.000000,2023-12-31T00:00:00.000000,204.0,2023-07-24T00:00:00.000000,29184.119999999773,0.0028460816183173603
2023-01-01T00:00:00.000000,2023-12-31T00:00:00.000000,205.0,2023-07-25T00:00:00.000000,29232.079999999733,0.0028492344498223655
2023-01-01T00:00:00.000000,2023-12-31T00:00:00.000000,206.0,2023-07-26T00:00:00.000000,29329.51999999996,0.0028526123329341386
2023-01-01T00:00:00.000000,2023-12-31T00:00:00.000000,207.0,2023-07-27T00:00:00.000000,29222.779999999908,0.0028544139285102146
2023-01-01T00:00:00.000000,2023-12-31T00:00:00.000000,208.0,2023-07-28T00:00:00.000000,29305.99999999993,0.002855314762414928
2023-01-01T00:00:00.000000,2023-12-31T00:00:00.000000,209.0,2023-07-29T00:00:00.000000,29352.34999999958,0.0028559904243792987
2023-01-01T00:00:00.000000,2023-12-31T00:00:00.000000,210.0,2023-07-30T00:00:00.000000,29279.989999999652,0.0028568912690503127
2023-01-01T00:00:00.000000,2023-12-31T00:00:00.000000,211.0,2023-07-31T00:00:00.000000,29203.989999999885,0.002858017936768603
2023-01-01T00:00:00.000000,2023-12-31T00:00:00.000000,212.0,2023-08-01T00:00:00.000000,29683.999999999673,0.002862521400104893
2023-01-01T00:00:00.000000,2023-12-31T00:00:00.000000,213.0,2023-08-02T00:00:00.000000,29145.979999999578,0.002864772887195764
2023-01-01T00:00:00.000000,2023-12-31T00:00:00.000000,214.0,2023-08-03T00:00:00.000000,29230.00999999988,0.0028656736180528546
2023-01-01T00:00:00.000000,2023-12-31T00:00:00.000000,215.0,2023-08-04T00:00:00.000000,29065.11999999954,0.002866349122287804
2023-01-01T00:00:00.000000,2023-12-31T00:00:00.000000,216.0,2023-08-05T00:00:00.000000,29078.309999999838,0.0028672498630562832
2023-01-01T00:00:00.000000,2023-12-31T00:00:00.000000,217.0,2023-08-06T00:00:00.000000,29095.99999999971,0.0028686009752088063
2023-01-01T00:00:00.000000,2023-12-31T00:00:00.000000,218.0,2023-08-07T00:00:00.000000,29213.409999999873,0.00286950170273811
2023-01-01T00:00:00.000000,2023-12-31T00:00:00.000000,219.0,2023-08-08T00:00:00.000000,29779.33999999967,0.0028701771600899845
2023-01-01T00:00:00.000000,2023-12-31T00:00:00.000000,220.0,2023-08-09T00:00:00.000000,29607.409999999807,0.0028708528708182835
2023-01-01T00:00:00.000000,2023-12-31T00:00:00.000000,221.0,2023-08-10T00:00:00.000000,29455.759999999602,0.00287242900860082
2023-01-01T00:00:00.000000,2023-12-31T00:00:00.000000,222.0,2023-08-11T00:00:00.000000,29426.029999999835,0.0028735548558915347
2023-01-01T00:00:00.000000,2023-12-31T00:00:00.000000,223.0,2023-08-12T00:00:00.000000,29430.169999999693,0.002874230285314268
2023-01-01T00:00:00.000000,2023-12-31T00:00:00.000000,224.0,2023-08-13T00:00:00.000000,29304.599999999784,0.0028742301381923106
2023-01-01T00:00:00.000000,2023-12-31T00:00:00.000000,225.0,2023-08-14T00:00:00.000000,29430.919999999962,0.0028742300372278837
2023-01-01T00:00:00.000000,2023-12-31T00:00:00.000000,226.0,2023-08-15T00:00:00.000000,29199.99999999965,0.002874230017339183
2023-01-01T00:00:00.000000,2023-12-31T00:00:00.000000,227.0,2023-08-16T00:00:00.000000,28730.509999999533,0.002874679188845753
2023-01-01T00:00:00.000000,2023-12-31T00:00:00.000000,228.0,2023-08-17T00:00:00.000000,26659.99999999974,0.0028351364117654592
2023-01-01T00:00:00.000000,2023-12-31T00:00:00.000000,229.0,2023-08-18T00:00:00.000000,26056.009999999602,0.0027660910355112424
2023-01-01T00:00:00.000000,2023-12-31T00:00:00.000000,230.0,2023-08-19T00:00:00.000000,26090.439999999904,0.0026958022973326296
2023-01-01T00:00:00.000000,2023-12-31T00:00:00.000000,231.0,2023-08-20T00:00:00.000000,26168.009999999507,0.0026295883505485333
2023-01-01T00:00:00.000000,2023-12-31T00:00:00.000000,232.0,2023-08-21T00:00:00.000000,26126.929999999782,0.0025662267104901225
2023-01-01T00:00:00.000000,2023-12-31T00:00:00.000000,233.0,2023-08-22T00:00:00.000000,26059.98999999965,0.002504495087098833
2023-01-01T00:00:00.000000,2023-12-31T00:00:00.000000,234.0,2023-08-23T00:00:00.000000,26427.99999999951,0.002444801885706277
2023-01-01T00:00:00.000000,2023-12-31T00:00:00.000000,235.0,2023-08-24T00:00:00.000000,26119.66999999999,0.0024263015762548902
2023-01-01T00:00:00.000000,2023-12-31T00:00:00.000000,236.0,2023-08-25T00:00:00.000000,26036.009999999587,0.0024387300345952634
2023-01-01T00:00:00.000000,2023-12-31T00:00:00.000000,237.0,2023-08-26T00:00:00.000000,26018.309999999605,0.0024552327485095273
2023-01-01T00:00:00.000000,2023-12-31T00:00:00.000000,238.0,2023-08-27T00:00:00.000000,26087.899999999852,0.0024699018187280893
2023-01-01T00:00:00.000000,2023-12-31T00:00:00.000000,239.0,2023-08-28T00:00:00.000000,26111.979999999916,0.002483348445966449
2023-01-01T00:00:00.000000,2023-12-31T00:00:00.000000,240.0,2023-08-29T00:00:00.000000,27648.289999999575,0.002535395975992324
2023-01-01T00:00:00.000000,2023-12-31T00:00:00.000000,241.0,2023-08-30T00:00:00.000000,27296.939999999944,0.0025276538531847806
2023-01-01T00:00:00.000000,2023-12-31T00:00:00.000000,242.0,2023-08-31T00:00:00.000000,25941.679999999942,0.0025201142795272928
2023-01-01T00:00:00.000000,2023-12-31T00:00:00.000000,243.0,2023-09-01T00:00:00.000000,25807.33999999965,0.002493628438963826
2023-01-01T00:00:00.000000,2023-12-31T00:00:00.000000,244.0,2023-09-02T00:00:00.000000,25861.339999999895,0.002468772522254861
2023-01-01T00:00:00.000000,2023-12-31T00:00:00.000000,245.0,2023-09-03T00:00:00.000000,25967.27999999973,0.0024453427767820316
2023-01-01T00:00:00.000000,2023-12-31T00:00:00.000000,246.0,2023-09-04T00:00:00.000000,25819.41999999973,0.0024255803151914794
2023-01-01T00:00:00.000000,2023-12-31T00:00:00.000000,247.0,2023-09-05T00:00:00.000000,25799.799999999766,0.0023690505928007687
2023-01-01T00:00:00.000000,2023-12-31T00:00:00.000000,248.0,2023-09-06T00:00:00.000000,25774.929999999735,0.0023723105470599597
2023-01-01T00:00:00.000000,2023-12-31T00:00:00.000000,249.0,2023-09-07T00:00:00.000000,26246.879999999728,0.0023759791442548427
2023-01-01T00:00:00.000000,2023-12-31T00:00:00.000000,250.0,2023-09-08T00:00:00.000000,25910.499999999796,0.002397779021436953
2023-01-01T00:00:00.000000,2023-12-31T00:00:00.000000,251.0,2023-09-09T00:00:00.000000,25903.539999999506,0.0024165228499373813
2023-01-01T00:00:00.000000,2023-12-31T00:00:00.000000,252.0,2023-09-10T00:00:00.000000,25840.69999999995,0.002434247981070578
2023-01-01T00:00:00.000000,2023-12-31T00:00:00.000000,253.0,2023-09-11T00:00:00.000000,25142.599999999882,0.0024495281283377543
2023-01-01T00:00:00.000000,2023-12-31T00:00:00.000000,254.0,2023-09-12T00:00:00.000000,25845.889999999963,0.0024574738052502167
2023-01-01T00:00:00.000000,2023-12-31T00:00:00.000000,255.0,2023-09-13T00:00:00.000000,26221.999999999935,0.002459714891257434
2023-01-01T00:00:00.000000,2023-12-31T00:00:00.000000,256.0,2023-09-14T00:00:00.000000,26506.899999999594,0.0024617522721932885
2023-01-01T00:00:00.000000,2023-12-31T00:00:00.000000,257.0,2023-09-15T00:00:00.000000,26610.159999999934,0.002465419553025773
2023-01-01T00:00:00.000000,2023-12-31T00:00:00.000000,258.0,2023-09-16T00:00:00.000000,26548.239999999634,0.0024707166822606733
2023-01-01T00:00:00.000000,2023-12-31T00:00:00.000000,259.0,2023-09-17T00:00:00.000000,26505.35999999999,0.002476013812709588
2023-01-01T00:00:00.000000,2023-12-31T00:00:00.000000,260.0,2023-09-18T00:00:00.000000,26732.089999999833,0.0024802923870180463
2023-01-01T00:00:00.000000,2023-12-31T00:00:00.000000,261.0,2023-09-19T00:00:00.000000,27204.999999999698,0.0024900717334609135
2023-01-01T00:00:00.000000,2023-12-31T00:00:00.000000,262.0,2023-09-20T00:00:00.000000,27149.119999999602,0.0025033145818490117
2023-01-01T00:00:00.000000,2023-12-31T00:00:00.000000,263.0,2023-09-21T00:00:00.000000,26556.96999999974,0.0025167610487213466
2023-01-01T00:00:00.000000,2023-12-31T00:00:00.000000,264.0,2023-09-22T00:00:00.000000,26570.639999999603,0.0025255217204417715
2023-01-01T00:00:00.000000,2023-12-31T00:00:00.000000,265.0,2023-09-23T00:00:00.000000,26568.2999999999,0.0025334674445953082
2023-01-01T00:00:00.000000,2023-12-31T00:00:00.000000,266.0,2023-09-24T00:00:00.000000,26263.739999999696,0.0025395795005215527
2023-01-01T00:00:00.000000,2023-12-31T00:00:00.000000,267.0,2023-09-25T00:00:00.000000,26307.319999999836,0.0025442654478985125
2023-01-01T00:00:00.000000,2023-12-31T00:00:00.000000,268.0,2023-09-26T00:00:00.000000,26189.989999999558,0.0025479327408053235
2023-01-01T00:00:00.000000,2023-12-31T00:00:00.000000,269.0,2023-09-27T00:00:00.000000,26305.039999999895,0.0025522112230444804
2023-01-01T00:00:00.000000,2023-12-31T00:00:00.000000,270.0,2023-09-28T00:00:00.000000,27033.219999999554,0.0025552672567888037
2023-01-01T00:00:00.000000,2023-12-31T00:00:00.000000,271.0,2023-09-29T00:00:00.000000,26920.129999999564,0.002558526998379728
2023-01-01T00:00:00.000000,2023-12-31T00:00:00.000000,272.0,2023-09-30T00:00:00.000000,26973.22999999985,0.002559953116979789
2023-01-01T00:00:00.000000,2023-12-31T00:00:00.000000,273.0,2023-10-01T00:00:00.000000,27971.299999999726,0.0025611751728022427
2023-01-01T00:00:00.000000,2023-12-31T00:00:00.000000,274.0,2023-10-02T00:00:00.000000,27551.889999999737,0.002555470430542143
2023-01-01T00:00:00.000000,2023-12-31T00:00:00.000000,275.0,2023-10-03T00:00:00.000000,27433.49999999974,0.002549562043813063
2023-01-01T00:00:00.000000,2023-12-31T00:00:00.000000,276.0,2023-10-04T00:00:00.000000,27778.55999999991,0.0025452835326690427
2023-01-01T00:00:00.000000,2023-12-31T00:00:00.000000,277.0,2023-10-05T00:00:00.000000,27436.36999999997,0.002541208870371795
2023-01-01T00:00:00.000000,2023-12-31T00:00:00.000000,278.0,2023-10-06T00:00:00.000000,27939.99999999976,0.0025393751879628284
2023-01-01T00:00:00.000000,2023-12-31T00:00:00.000000,279.0,2023-10-07T00:00:00.000000,27952.509999999795,0.0025367265878598172
2023-01-01T00:00:00.000000,2023-12-31T00:00:00.000000,280.0,2023-10-08T00:00:00.000000,27917.049999999683,0.0025346895486228504
2023-01-01T00:00:00.000000,2023-12-31T00:00:00.000000,281.0,2023-10-09T00:00:00.000000,27591.099999999846,0.002540190429257092
2023-01-01T00:00:00.000000,2023-12-31T00:00:00.000000,282.0,2023-10-10T00:00:00.000000,27389.169999999616,0.0025456912754197145
2023-01-01T00:00:00.000000,2023-12-31T00:00:00.000000,283.0,2023-10-11T00:00:00.000000,26875.519999999753,0.0025495621643274796
2023-01-01T00:00:00.000000,2023-12-31T00:00:00.000000,284.0,2023-10-12T00:00:00.000000,26753.699999999855,0.0025511921176514024
2023-01-01T00:00:00.000000,2023-12-31T00:00:00.000000,285.0,2023-10-13T00:00:00.000000,26847.459999999624,0.002553840758584002
2023-01-01T00:00:00.000000,2023-12-31T00:00:00.000000,286.0,2023-10-14T00:00:00.000000,26858.66999999977,0.0025581192472721795
2023-01-01T00:00:00.000000,2023-12-31T00:00:00.000000,287.0,2023-10-15T00:00:00.000000,27141.18999999965,0.002561990239238242
2023-01-01T00:00:00.000000,2023-12-31T00:00:00.000000,288.0,2023-10-16T00:00:00.000000,28502.07999999971,0.0026040231914236027
2023-01-01T00:00:00.000000,2023-12-31T00:00:00.000000,289.0,2023-10-17T00:00:00.000000,28403.309999999547,0.002626509322820447
2023-01-01T00:00:00.000000,2023-12-31T00:00:00.000000,290.0,2023-10-18T00:00:00.000000,28311.78999999957,0.0026515154472270615
2023-01-01T00:00:00.000000,2023-12-31T00:00:00.000000,291.0,2023-10-19T00:00:00.000000,28659.469999999947,0.002680220839495319
2023-01-01T00:00:00.000000,2023-12-31T00:00:00.000000,292.0,2023-10-20T00:00:00.000000,29677.28,0.002709708611875457
2023-01-01T00:00:00.000000,2023-12-31T00:00:00.000000,293.0,2023-10-21T00:00:00.000000,29913.219999999717,0.002728312883255858
2023-01-01T00:00:00.000000,2023-12-31T00:00:00.000000,294.0,2023-10-22T00:00:00.000000,29992.459999999963,0.002749253221650923
2023-01-01T00:00:00.000000,2023-12-31T00:00:00.000000,295.0,2023-10-23T00:00:00.000000,32845.199999999604,0.0027335502323194184
2023-01-01T00:00:00.000000,2023-12-31T00:00:00.000000,296.0,2023-10-24T00:00:00.000000,33811.90999999953,0.002686911006965555
2023-01-01T00:00:00.000000,2023-12-31T00:00:00.000000,297.0,2023-10-25T00:00:00.000000,34484.08999999979,0.002637588365975758
2023-01-01T00:00:00.000000,2023-12-31T00:00:00.000000,298.0,2023-10-26T00:00:00.000000,34159.06999999985,0.00258669362593027
2023-01-01T00:00:00.000000,2023-12-31T00:00:00.000000,299.0,2023-10-27T00:00:00.000000,33909.99999999954,0.002535575417186418
2023-01-01T00:00:00.000000,2023-12-31T00:00:00.000000,300.0,2023-10-28T00:00:00.000000,34081.969999999674,0.0024959417530384443
2023-01-01T00:00:00.000000,2023-12-31T00:00:00.000000,301.0,2023-10-29T00:00:00.000000,34513.559999999925,0.0024572104300563152
2023-01-01T00:00:00.000000,2023-12-31T00:00:00.000000,302.0,2023-10-30T00:00:00.000000,34473.1399999996,0.002418419170745287
2023-01-01T00:00:00.000000,2023-12-31T00:00:00.000000,303.0,2023-10-31T00:00:00.000000,34639.769999999946,0.0024346576354505943
2023-01-01T00:00:00.000000,2023-12-31T00:00:00.000000,304.0,2023-11-01T00:00:00.000000,35430.009999999864,0.00245628117213667
2023-01-01T00:00:00.000000,2023-12-31T00:00:00.000000,305.0,2023-11-02T00:00:00.000000,34921.35999999984,0.0024783512462220646
2023-01-01T00:00:00.000000,2023-12-31T00:00:00.000000,306.0,2023-11-03T00:00:00.000000,34707.29999999961,0.0025008707651660296
2023-01-01T00:00:00.000000,2023-12-31T00:00:00.000000,307.0,2023-11-04T00:00:00.000000,35056.789999999695,0.0025265423506225927
2023-01-01T00:00:00.000000,2023-12-31T00:00:00.000000,308.0,2023-11-05T00:00:00.000000,35090.64999999972,0.0025517636331325623
2023-01-01T00:00:00.000000,2023-12-31T00:00:00.000000,309.0,2023-11-06T00:00:00.000000,35011.99999999962,0.0025769846325890363
2023-01-01T00:00:00.000000,2023-12-31T00:00:00.000000,310.0,2023-11-07T00:00:00.000000,35394.48999999981,0.0025990528563875556
2023-01-01T00:00:00.000000,2023-12-31T00:00:00.000000,311.0,2023-11-08T00:00:00.000000,35787.25999999982,0.0026172934511104837
2023-01-01T00:00:00.000000,2023-12-31T00:00:00.000000,312.0,2023-11-09T00:00:00.000000,36707.779999999875,0.00263620856983817
2023-01-01T00:00:00.000000,2023-12-31T00:00:00.000000,313.0,2023-11-10T00:00:00.000000,37317.83999999964,0.0026508449153594448
2023-01-01T00:00:00.000000,2023-12-31T00:00:00.000000,314.0,2023-11-11T00:00:00.000000,36935.10999999999,0.0026616531418803984
2023-01-01T00:00:00.000000,2023-12-31T00:00:00.000000,315.0,2023-11-12T00:00:00.000000,37049.39999999989,0.002670885273625194
2023-01-01T00:00:00.000000,2023-12-31T00:00:00.000000,316.0,2023-11-13T00:00:00.000000,36568.61999999966,0.002680792737042919
2023-01-01T00:00:00.000000,2023-12-31T00:00:00.000000,317.0,2023-11-14T00:00:00.000000,35535.99999999959,0.0026900233496615173
2023-01-01T00:00:00.000000,2023-12-31T00:00:00.000000,318.0,2023-11-15T00:00:00.000000,37772.91999999954,0.0026920341391136354
2023-01-01T00:00:00.000000,2023-12-31T00:00:00.000000,319.0,2023-11-16T00:00:00.000000,36233.779999999664,0.002664105725177778
2023-01-01T00:00:00.000000,2023-12-31T00:00:00.000000,320.0,2023-11-17T00:00:00.000000,36539.99999999995,0.002629427162030754
2023-01-01T00:00:00.000000,2023-12-31T00:00:00.000000,321.0,2023-11-18T00:00:00.000000,36557.99999999958,0.0025970008672260903
2023-01-01T00:00:00.000000,2023-12-31T00:00:00.000000,322.0,2023-11-19T00:00:00.000000,37475.18999999949,0.002568176461567692
2023-01-01T00:00:00.000000,2023-12-31T00:00:00.000000,323.0,2023-11-20T00:00:00.000000,37465.87999999965,0.0025359748704245648
2023-01-01T00:00:00.000000,2023-12-31T00:00:00.000000,324.0,2023-11-21T00:00:00.000000,35802.569999999796,0.0025082738306142624
2023-01-01T00:00:00.000000,2023-12-31T00:00:00.000000,325.0,2023-11-22T00:00:00.000000,37453.08999999961,0.002472254177572255
2023-01-01T00:00:00.000000,2023-12-31T00:00:00.000000,326.0,2023-11-23T00:00:00.000000,37310.969999999645,0.002458072289482345
2023-01-01T00:00:00.000000,2023-12-31T00:00:00.000000,327.0,2023-11-24T00:00:00.000000,37713.56999999996,0.002455594933175598
2023-01-01T00:00:00.000000,2023-12-31T00:00:00.000000,328.0,2023-11-25T00:00:00.000000,37785.84999999952,0.0024526671009636033
2023-01-01T00:00:00.000000,2023-12-31T00:00:00.000000,329.0,2023-11-26T00:00:00.000000,37505.909999999785,0.002449289931390222
2023-01-01T00:00:00.000000,2023-12-31T00:00:00.000000,330.0,2023-11-27T00:00:00.000000,37104.039999999804,0.0024519924777909323
2023-01-01T00:00:00.000000,2023-12-31T00:00:00.000000,331.0,2023-11-28T00:00:00.000000,37842.079999999536,0.0024526726695898184
2023-01-01T00:00:00.000000,2023-12-31T00:00:00.000000,332.0,2023-11-29T00:00:00.000000,37815.15999999956,0.0024684412934986998
2023-01-01T00:00:00.000000,2023-12-31T00:00:00.000000,333.0,2023-11-30T00:00:00.000000,37705.46999999977,0.0024963654434812816
2023-01-01T00:00:00.000000,2023-12-31T00:00:00.000000,334.0,2023-12-01T00:00:00.000000,38676.76999999996,0.0025258645491706678
2023-01-01T00:00:00.000000,2023-12-31T00:00:00.000000,335.0,2023-12-02T00:00:00.000000,39450.34999999965,0.0025508593971746876
2023-01-01T00:00:00.000000,2023-12-31T00:00:00.000000,336.0,2023-12-03T00:00:00.000000,39965.44999999971,0.0025713491666966098
2023-01-01T00:00:00.000000,2023-12-31T00:00:00.000000,337.0,2023-12-04T00:00:00.000000,41888.48999999965,0.002588215349378677
2023-01-01T00:00:00.000000,2023-12-31T00:00:00.000000,338.0,2023-12-05T00:00:00.000000,44000.00999999986,0.002583666706651066
2023-01-01T00:00:00.000000,2023-12-31T00:00:00.000000,339.0,2023-12-06T00:00:00.000000,43803.49999999995,0.002562481384506046
2023-01-01T00:00:00.000000,2023-12-31T00:00:00.000000,340.0,2023-12-07T00:00:00.000000,43329.7299999995,0.002539502419738196
2023-01-01T00:00:00.000000,2023-12-31T00:00:00.000000,341.0,2023-12-08T00:00:00.000000,44170.989999999714,0.002516749951833577
2023-01-01T00:00:00.000000,2023-12-31T00:00:00.000000,342.0,2023-12-09T00:00:00.000000,43713.59999999966,0.0024971520187212454
2023-01-01T00:00:00.000000,2023-12-31T00:00:00.000000,343.0,2023-12-10T00:00:00.000000,43776.24999999954,0.002482055407200959
2023-01-01T00:00:00.000000,2023-12-31T00:00:00.000000,344.0,2023-12-11T00:00:00.000000,41230.03999999972,0.0024707659967455955
2023-01-01T00:00:00.000000,2023-12-31T00:00:00.000000,345.0,2023-12-12T00:00:00.000000,41525.56999999998,0.002452336939503677
2023-01-01T00:00:00.000000,2023-12-31T00:00:00.000000,346.0,2023-12-13T00:00:00.000000,42917.12999999952,0.002452119069413166
2023-01-01T00:00:00.000000,2023-12-31T00:00:00.000000,347.0,2023-12-14T00:00:00.000000,43163.68999999965,0.002445592564754004
2023-01-01T00:00:00.000000,2023-12-31T00:00:00.000000,348.0,2023-12-15T00:00:00.000000,41928.449999999946,0.0024386142984744166
2023-01-01T00:00:00.000000,2023-12-31T00:00:00.000000,349.0,2023-12-16T00:00:00.000000,42273.98999999996,0.0024287108721094013
2023-01-01T00:00:00.000000,2023-12-31T00:00:00.000000,350.0,2023-12-17T00:00:00.000000,41369.29999999969,0.0024181351113544106
2023-01-01T00:00:00.000000,2023-12-31T00:00:00.000000,351.0,2023-12-18T00:00:00.000000,42626.82999999992,0.002402419946901168
2023-01-01T00:00:00.000000,2023-12-31T00:00:00.000000,352.0,2023-12-19T00:00:00.000000,42259.40999999988,0.0024103073148630952
2023-01-01T00:00:00.000000,2023-12-31T00:00:00.000000,353.0,2023-12-20T00:00:00.000000,43627.08999999993,0.0024204441038671127
2023-01-01T00:00:00.000000,2023-12-31T00:00:00.000000,354.0,2023-12-21T00:00:00.000000,43835.97999999968,0.002428552667759593
2023-01-01T00:00:00.000000,2023-12-31T00:00:00.000000,355.0,2023-12-22T00:00:00.000000,43987.01999999956,0.0024384643127357787
2023-01-01T00:00:00.000000,2023-12-31T00:00:00.000000,356.0,2023-12-23T00:00:00.000000,43734.65999999969,0.002456253763803184
2023-01-01T00:00:00.000000,2023-12-31T00:00:00.000000,357.0,2023-12-24T00:00:00.000000,43023.47999999985,0.002474719084333432
2023-01-01T00:00:00.000000,2023-12-31T00:00:00.000000,358.0,2023-12-25T00:00:00.000000,43598.44999999982,0.002495213086172753
2023-01-01T00:00:00.000000,2023-12-31T00:00:00.000000,359.0,2023-12-26T00:00:00.000000,42497.05999999991,0.002520207555803362
2023-01-01T00:00:00.000000,2023-12-31T00:00:00.000000,360.0,2023-12-27T00:00:00.000000,43337.179999999564,0.0025377763107724462
2023-01-01T00:00:00.000000,2023-12-31T00:00:00.000000,361.0,2023-12-28T00:00:00.000000,42577.14999999949,0.002560296459307035
2023-01-01T00:00:00.000000,2023-12-31T00:00:00.000000,362.0,2023-12-29T00:00:00.000000,41965.029999999606,0.002579213609799508
2023-01-01T00:00:00.000000,2023-12-31T00:00:00.000000,363.0,2023-12-30T00:00:00.000000,42205.00999999956,0.002594072465976895
2023-01-01T00:00:00.000000,2023-12-31T00:00:00.000000,364.0,2023-12-31T00:00:00.000000,42244.68999999977,0.02280205124067122
